Template,Degree Type,First,v2,v3,v5,v6,Area of Interest (Pre-select),Select Your Degree (Pre-select),,,
Generic,N/A,https://www.uagc.edu/success/about,https://www.uagc.edu/success/about-v2,,https://www.uagc.edu/success/about-v5,,,,https://www.uagc.edu/success/about,N/A,Generic
Generic,N/A,https://www.uagc.edu/success/accreditation,https://www.uagc.edu/success/accreditation-v2,,https://www.uagc.edu/success/accreditation-v5,,,,https://www.uagc.edu/success/accreditation,N/A,Generic
Campaign,N/A,https://www.uagc.edu/success/admissions-financial-aid,https://www.uagc.edu/success/admissions-financial-aid-v2,,https://www.uagc.edu/success/admissions-financial-aid-v5,,,,https://www.uagc.edu/success/admissions-financial-aid,N/A,Generic
Generic,N/A,https://www.uagc.edu/success/adsm,,,https://www.uagc.edu/success/adsm-v5,,,,https://www.uagc.edu/success/advantage,N/A,Generic
Generic,N/A,https://www.uagc.edu/success/advantage,https://www.uagc.edu/success/advantage-v2,,https://www.uagc.edu/success/advantage-v5,,,,https://www.uagc.edu/success/ashford-uagc,N/A,Generic
Generic,N/A,https://www.uagc.edu/success/ashford-uagc,https://www.uagc.edu/success/ashford-uagc-v2,,https://www.uagc.edu/success/ashford-uagc-v5,,,,https://www.uagc.edu/success/attend,N/A,Generic
Campaign,N/A,https://www.uagc.edu/success/attend,https://www.uagc.edu/success/attend-v2,,https://www.uagc.edu/success/attend-v5,,,,https://www.uagc.edu/success/back-to-school,N/A,Generic
Campaign,N/A,https://www.uagc.edu/success/busy-life,,,,,,,https://www.uagc.edu/success/busy-life,N/A,Generic
Generic,N/A,https://www.uagc.edu/success/back-to-school,https://www.uagc.edu/success/back-to-school-v2,,https://www.uagc.edu/success/back-to-school-v5,,,,https://www.uagc.edu/success/college/college-arts-sciences,All Degrees,College
College,All Degrees,https://www.uagc.edu/success/college/college-arts-sciences,https://www.uagc.edu/success/college/college-arts-sciences-v2,,https://www.uagc.edu/success/college/college-arts-sciences-v5,,,,https://www.uagc.edu/success/college/forbes-business-school,All Degrees,College
College,All Degrees,https://www.uagc.edu/success/college/forbes-business-school,https://www.uagc.edu/success/college/forbes-business-school-v2,,https://www.uagc.edu/success/college/forbes-business-school-v5,,,,https://www.uagc.edu/success/continuing-education,N/A,Generic
College,N/A,https://www.uagc.edu/success/continuing-education,https://www.uagc.edu/success/continuing-education-v2,,https://www.uagc.edu/success/continuing-education-v5,,,,https://www.uagc.edu/success/degree-programs,N/A,Generic
Generic,N/A,https://www.uagc.edu/success/degree-programs,https://www.uagc.edu/success/degree-programs-v2,,https://www.uagc.edu/success/degree-programs-v5,,,,https://www.uagc.edu/success/degree-types/associate-degrees,Associates,Degree Type
Degree Type,Associates,https://www.uagc.edu/success/degree-types/associate-degrees,https://www.uagc.edu/success/degree-types/associate-degrees-v2,,https://www.uagc.edu/success/degree-types/associate-degrees-v5,,,,https://www.uagc.edu/success/degree-types/bachelors-degrees,Bachelor,Degree Type
Degree Type,Bachelor,https://www.uagc.edu/success/degree-types/bachelors-degrees,https://www.uagc.edu/success/degree-types/bachelors-degrees-v2,,https://www.uagc.edu/success/degree-types/bachelors-degrees-v5,,,,https://www.uagc.edu/success/degree-types/doctoral-degrees,Doctoral,Degree Type
Degree Type,Doctoral,https://www.uagc.edu/success/degree-types/doctoral-degrees,https://www.uagc.edu/success/degree-types/doctoral-degrees-v2,,https://www.uagc.edu/success/degree-types/doctoral-degrees-v5,,,,https://www.uagc.edu/success/degree-types/masters-degrees,Masters,Degree Type
Degree Type,Masters,https://www.uagc.edu/success/degree-types/masters-degrees,https://www.uagc.edu/success/degree-types/masters-degrees-v2,,https://www.uagc.edu/success/degree-types/masters-degrees-v5,,,,https://www.uagc.edu/success/degree/aa-early-childhood-education,Associates,Program Specific
Program Specific,Associates,https://www.uagc.edu/success/degree/aa-early-childhood-education,https://www.uagc.edu/success/degree/aa-early-childhood-education-v2,https://www.uagc.edu/success/degree/aa-early-childhood-education-v3,https://www.uagc.edu/success/degree/aa-early-childhood-education-v5,https://www.uagc.edu/success/degree/aa-early-childhood-education-v6,Education ,AA in Early Childhood Education,https://www.uagc.edu/success/degree/ba-accounting,Bachelor,Program Specific
Program Specific,Bachelor,https://www.uagc.edu/success/degree/ba-accounting,https://www.uagc.edu/success/degree/ba-accounting-v2,https://www.uagc.edu/success/degree/ba-accounting-v3,https://www.uagc.edu/success/degree/ba-accounting-v5,https://www.uagc.edu/success/degree/ba-accounting-v6,Business,BA in Accounting,https://www.uagc.edu/success/degree/ba-applied-behavior-science,Bachelor,Program Specific
Program Specific,Bachelor,https://www.uagc.edu/success/degree/ba-applied-behavior-science,https://www.uagc.edu/success/degree/ba-applied-behavior-science-v2,https://www.uagc.edu/success/degree/ba-applied-behavior-science-v3,https://www.uagc.edu/success/degree/ba-applied-behavior-science-v5,https://www.uagc.edu/success/degree/ba-applied-behavior-science-v6,Social & Behavioral Science,Applied Behavioral Science,https://www.uagc.edu/success/degree/ba-business-administration,Bachelor,Program Specific
Program Specific,Bachelor,https://www.uagc.edu/success/degree/ba-business-administration,https://www.uagc.edu/success/degree/ba-business-administration-v2,https://www.uagc.edu/success/degree/ba-business-administration-v3,https://www.uagc.edu/success/degree/ba-business-administration-v5,https://www.uagc.edu/success/degree/ba-business-administration-v6,Business,BA in Business Administration,https://www.uagc.edu/success/degree/ba-business-economics,Bachelor,Program Specific
Program Specific,Bachelor,https://www.uagc.edu/success/degree/ba-business-information-system,https://www.uagc.edu/success/degree/ba-business-information-system-v2,https://www.uagc.edu/success/degree/ba-business-information-system-v3,https://www.uagc.edu/success/degree/ba-business-information-system-v5,https://www.uagc.edu/success/degree/ba-business-information-system-v6,Information Technology ,BA in Business Information Systems,https://www.uagc.edu/success/degree/ba-business-information-system,Bachelor,Program Specific
Program Specific,Bachelor,https://www.uagc.edu/success/degree/ba-business-leadership,https://www.uagc.edu/success/degree/ba-business-leadership-v2,https://www.uagc.edu/success/degree/ba-business-leadership-v3,https://www.uagc.edu/success/degree/ba-business-leadership-v5,https://www.uagc.edu/success/degree/ba-business-leadership-v6,Business,BA in Business Leadership,https://www.uagc.edu/success/degree/ba-business-leadership,Bachelor,Program Specific
Program Specific,N/A,https://www.uagc.edu/success/degree/ba-child-development,,,https://www.uagc.edu/success/degree/ba-child-development-v5,https://www.uagc.edu/success/degree/ba-child-development-v6,Education,BA in Child Development,https://www.uagc.edu/success/degree/ba-child-development,N/A,Program Specific
Program Specific,Bachelor,https://www.uagc.edu/success/degree/ba-early-childhood-administration,https://www.uagc.edu/success/degree/ba-early-childhood-administration-v2,https://www.uagc.edu/success/degree/ba-early-childhood-administration-v3,https://www.uagc.edu/success/degree/ba-early-childhood-administration-v5,https://www.uagc.edu/success/degree/ba-early-childhood-administration-v6,Education,BA in Early Childhood Education Administration,https://www.uagc.edu/success/degree/ba-communication-studies,Bachelor,Program Specific
Program Specific,Bachelor,https://www.uagc.edu/success/degree/ba-early-childhood-development-differentiated-instruction,https://www.uagc.edu/success/degree/ba-early-childhood-development-differentiated-instruction-v2,https://www.uagc.edu/success/degree/ba-early-childhood-development-differentiated-instruction-v3,https://www.uagc.edu/success/degree/ba-early-childhood-development-differentiated-instruction-v5,https://www.uagc.edu/success/degree/ba-early-childhood-development-differentiated-instruction-v6,Education,BA in Early Childhood Development with Differentiated Instruction,https://www.uagc.edu/success/degree/ba-early-childhood-administration,Bachelor,Program Specific
Program Specific,Bachelor,https://www.uagc.edu/success/degree/ba-early-childhood-education,https://www.uagc.edu/success/degree/ba-early-childhood-education-v2,https://www.uagc.edu/success/degree/ba-early-childhood-education-v3,https://www.uagc.edu/success/degree/ba-early-childhood-education-v5,https://www.uagc.edu/success/degree/ba-early-childhood-education-v6,Education,BA in Early Childhood Education,https://www.uagc.edu/success/degree/ba-early-childhood-development-differentiated-instruction,Bachelor,Program Specific
Program Specific,Bachelor,https://www.uagc.edu/success/degree/ba-education-studies,https://www.uagc.edu/success/degree/ba-education-studies-v2,https://www.uagc.edu/success/degree/ba-education-studies-v3,https://www.uagc.edu/success/degree/ba-education-studies-v5,https://www.uagc.edu/success/degree/ba-education-studies-v6,Education,BA in Education Studies,https://www.uagc.edu/success/degree/ba-early-childhood-education,Bachelor,Program Specific
Program Specific,Bachelor,https://www.uagc.edu/success/degree/ba-finance,https://www.uagc.edu/success/degree/ba-finance-v2,https://www.uagc.edu/success/degree/ba-finance-v3,https://www.uagc.edu/success/degree/ba-finance-v5,https://www.uagc.edu/success/degree/ba-finance-v6,Business,BA in Finance,https://www.uagc.edu/success/degree/ba-education-studies,Bachelor,Program Specific
Program Specific,Bachelor,https://www.uagc.edu/success/degree/ba-health-care-administration,https://www.uagc.edu/success/degree/ba-health-care-administration-v2,https://www.uagc.edu/success/degree/ba-health-care-administration-v3,https://www.uagc.edu/success/degree/ba-health-care-administration-v5,https://www.uagc.edu/success/degree/ba-health-care-administration-v6,Health Care,BA in Health Care Administration,https://www.uagc.edu/success/degree/ba-english,Bachelor,Program Specific
Program Specific,Bachelor,https://www.uagc.edu/success/degree/ba-health-human-services,https://www.uagc.edu/success/degree/ba-health-human-services-v2,https://www.uagc.edu/success/degree/ba-health-human-services-v3,https://www.uagc.edu/success/degree/ba-health-human-services-v5,https://www.uagc.edu/success/degree/ba-health-human-services-v6,Social & Behavioral Science,BA in Health and Human Services,https://www.uagc.edu/success/degree/ba-entrepreneurship,Bachelor,Program Specific
Program Specific,Bachelor,https://www.uagc.edu/success/degree/ba-homeland-security-emergency-management,https://www.uagc.edu/success/degree/ba-homeland-security-emergency-management-v2,https://www.uagc.edu/success/degree/ba-homeland-security-emergency-management-v3,https://www.uagc.edu/success/degree/ba-homeland-security-emergency-management-v5,https://www.uagc.edu/success/degree/ba-homeland-security-emergency-management-v6,Criminal Justice,Ba in Homeland Security & Emergency Management,https://www.uagc.edu/success/degree/ba-finance,Bachelor,Program Specific
Program Specific,Bachelor,https://www.uagc.edu/success/degree/ba-human-resource-management,https://www.uagc.edu/success/degree/ba-human-resource-management-v2,https://www.uagc.edu/success/degree/ba-human-resource-management-v3,https://www.uagc.edu/success/degree/ba-human-resource-management-v5,https://www.uagc.edu/success/degree/ba-human-resource-management-v6,Business,BA in Human Resources Management,https://www.uagc.edu/success/degree/ba-health-care-administration,Bachelor,Program Specific
Program Specific,Bachelor,https://www.uagc.edu/success/degree/ba-instructional-design,https://www.uagc.edu/success/degree/ba-instructional-design-v2,https://www.uagc.edu/success/degree/ba-instructional-design-v3,https://www.uagc.edu/success/degree/ba-instructional-design-v5,https://www.uagc.edu/success/degree/ba-instructional-design-v6,Education,BA in Instructional Design,https://www.uagc.edu/success/degree/ba-health-human-services,Bachelor,Program Specific
Program Specific,Bachelor,https://www.uagc.edu/success/degree/ba-liberal-arts,https://www.uagc.edu/success/degree/ba-liberal-arts-v2,https://www.uagc.edu/success/degree/ba-liberal-arts-v3,https://www.uagc.edu/success/degree/ba-liberal-arts-v5,https://www.uagc.edu/success/degree/ba-liberal-arts-v6,Liberal Arts,BA in Liberal Arts,https://www.uagc.edu/success/degree/ba-health-wellness,Bachelor,Program Specific
Program Specific,Bachelor,https://www.uagc.edu/success/degree/ba-marketing,https://www.uagc.edu/success/degree/ba-marketing-v2,https://www.uagc.edu/success/degree/ba-marketing-v3,https://www.uagc.edu/success/degree/ba-marketing-v5,https://www.uagc.edu/success/degree/ba-marketing-v6,Business,BA in Marketing,https://www.uagc.edu/success/degree/ba-history,Bachelor,Program Specific
Program Specific,Bachelor,https://www.uagc.edu/success/degree/ba-operations-management-analysis,https://www.uagc.edu/success/degree/ba-operations-management-analysis-v2,https://www.uagc.edu/success/degree/ba-operations-management-analysis-v3,https://www.uagc.edu/success/degree/ba-operations-management-analysis-v5,https://www.uagc.edu/success/degree/ba-operations-management-analysis-v6,Business,BS in Nursing (RN to BSN),https://www.uagc.edu/success/degree/ba-homeland-security-emergency-management,Bachelor,Program Specific
Program Specific,Bachelor,https://www.uagc.edu/success/degree/ba-organizational-management,https://www.uagc.edu/success/degree/ba-organizational-management-v2,https://www.uagc.edu/success/degree/ba-organizational-management-v3,https://www.uagc.edu/success/degree/ba-organizational-management-v5,https://www.uagc.edu/success/degree/ba-organizational-management-v6,Business,BA in Operations Management and Analysis,https://www.uagc.edu/success/degree/ba-human-resource-management,Bachelor,Program Specific
Program Specific,Bachelor,https://www.uagc.edu/success/degree/ba-project-management,https://www.uagc.edu/success/degree/ba-project-management-v2,https://www.uagc.edu/success/degree/ba-project-management-v3,https://www.uagc.edu/success/degree/ba-project-management-v5,https://www.uagc.edu/success/degree/ba-project-management-v6,Business,BA in Project Management,https://www.uagc.edu/success/degree/ba-instructional-design,Bachelor,Program Specific
Program Specific,Bachelor,https://www.uagc.edu/success/degree/ba-psychology,https://www.uagc.edu/success/degree/ba-psychology-v2,https://www.uagc.edu/success/degree/ba-psychology-v3,https://www.uagc.edu/success/degree/ba-psychology-v5,https://www.uagc.edu/success/degree/ba-psychology-v6,Social & Behavioral Science,BA in Psychology,https://www.uagc.edu/success/degree/ba-journalism-mass-communication,Bachelor,Program Specific
Program Specific,Bachelor,https://www.uagc.edu/success/degree/ba-social-criminal-justice,https://www.uagc.edu/success/degree/ba-social-criminal-justice-v2,https://www.uagc.edu/success/degree/ba-social-criminal-justice-v3,https://www.uagc.edu/success/degree/ba-social-criminal-justice-v5,https://www.uagc.edu/success/degree/ba-social-criminal-justice-v6,Criminal Justice ,BA in Social and Criminal Justice,https://www.uagc.edu/success/degree/ba-law-enforcement-administration,Bachelor,Program Specific
Program Specific,Bachelor,https://www.uagc.edu/success/degree/ba-sociology,https://www.uagc.edu/success/degree/ba-sociology-v2,https://www.uagc.edu/success/degree/ba-sociology-v3,https://www.uagc.edu/success/degree/ba-sociology-v5,https://www.uagc.edu/success/degree/ba-sociology-v6,Social & Behavioral Science,BA in Sociology,https://www.uagc.edu/success/degree/ba-liberal-arts,Bachelor,Program Specific
Program Specific,Bachelor,https://www.uagc.edu/success/degree/bs-computer-software-technology,https://www.uagc.edu/success/degree/bs-computer-software-technology-v2,https://www.uagc.edu/success/degree/bs-computer-software-technology-v3,https://www.uagc.edu/success/degree/bs-computer-software-technology-v5,https://www.uagc.edu/success/degree/bs-computer-software-technology-v6,Information Technology ,BS in Computer Software Technology,https://www.uagc.edu/success/degree/ba-library-science-media,Bachelor,Program Specific
Program Specific,Bachelor,https://www.uagc.edu/success/degree/bs-cyber-data-security-technology,https://www.uagc.edu/success/degree/bs-cyber-data-security-technology-v2,https://www.uagc.edu/success/degree/bs-cyber-data-security-technology-v3,https://www.uagc.edu/success/degree/bs-cyber-data-security-technology-v5,https://www.uagc.edu/success/degree/bs-cyber-data-security-technology-v6,Information Technology ,BS in Cyber & Data Security Technology,https://www.uagc.edu/success/degree/ba-marketing,Bachelor,Program Specific
Program Specific,Bachelor,https://www.uagc.edu/success/degree/bs-health-information-management,https://www.uagc.edu/success/degree/bs-health-information-management-v2,https://www.uagc.edu/success/degree/bs-health-information-management-v3,https://www.uagc.edu/success/degree/bs-health-information-management-v5,https://www.uagc.edu/success/degree/bs-health-information-management-v6,Health Care,BS in Health Information Management,https://www.uagc.edu/success/degree/ba-operations-management-analysis,Bachelor,Program Specific
Program Specific,Bachelor,https://www.uagc.edu/success/degree/bs-informational-technology,https://www.uagc.edu/success/degree/bs-informational-technology-v2,https://www.uagc.edu/success/degree/bs-informational-technology-v3,https://www.uagc.edu/success/degree/bs-informational-technology-v5,https://www.uagc.edu/success/degree/bs-informational-technology-v6,Information Technology ,BS in Information Technology,https://www.uagc.edu/success/degree/ba-organizational-management,Bachelor,Program Specific
Program Specific,Bachelor,https://www.uagc.edu/success/degree/bs-nursing,https://www.uagc.edu/success/degree/bs-nursing-v2,https://www.uagc.edu/success/degree/bs-nursing-v3,https://www.uagc.edu/success/degree/bs-nursing-v5,https://www.uagc.edu/success/degree/bs-nursing-v6,Health Care,BS in Nursing (RN to BSN),https://www.uagc.edu/success/degree/ba-political-science-government,Bachelor,Program Specific
Program Specific,Doctoral,https://www.uagc.edu/success/degree/doctorate-education,https://www.uagc.edu/success/degree/doctorate-education-v2,https://www.uagc.edu/success/degree/doctorate-education-v3,https://www.uagc.edu/success/degree/doctorate-education-v5,https://www.uagc.edu/success/degree/doctorate-education-v6,,,https://www.uagc.edu/success/degree/ba-project-management,Bachelor,Program Specific
Program Specific,Doctoral,https://www.uagc.edu/success/degree/doctorate-human-services,https://www.uagc.edu/success/degree/doctorate-human-services-v2,https://www.uagc.edu/success/degree/doctorate-human-services-v3,https://www.uagc.edu/success/degree/doctorate-human-services-v5,https://www.uagc.edu/success/degree/doctorate-human-services-v6,,,https://www.uagc.edu/success/degree/ba-psychology,Bachelor,Program Specific
Program Specific,Doctoral,https://www.uagc.edu/success/degree/doctorate-organizational-development-leadership,https://www.uagc.edu/success/degree/doctorate-organizational-development-leadership-v2,https://www.uagc.edu/success/degree/doctorate-organizational-development-leadership-v3,https://www.uagc.edu/success/degree/doctorate-organizational-development-leadership-v5,https://www.uagc.edu/success/degree/doctorate-organizational-development-leadership-v6,,,https://www.uagc.edu/success/degree/ba-real-estate-studies,Bachelor,Program Specific
Program Specific,Doctoral,https://www.uagc.edu/success/degree/doctorate-psychology,https://www.uagc.edu/success/degree/doctorate-psychology-v2,https://www.uagc.edu/success/degree/doctorate-psychology-v3,https://www.uagc.edu/success/degree/doctorate-psychology-v5,https://www.uagc.edu/success/degree/doctorate-psychology-v6,,,https://www.uagc.edu/success/degree/ba-social-criminal-justice,Bachelor,Program Specific
Program Specific,Masters,https://www.uagc.edu/success/degree/ma-early-childhood-educational-leadership,https://www.uagc.edu/success/degree/ma-early-childhood-educational-leadership-v2,https://www.uagc.edu/success/degree/ma-early-childhood-educational-leadership-v3,https://www.uagc.edu/success/degree/ma-early-childhood-educational-leadership-v5,https://www.uagc.edu/success/degree/ma-early-childhood-educational-leadership-v6,Education,MA in Early Childhood Education Leadership,https://www.uagc.edu/success/degree/ba-sociology,Bachelor,Program Specific
Program Specific,Masters,https://www.uagc.edu/success/degree/ma-education,https://www.uagc.edu/success/degree/ma-education-v2,https://www.uagc.edu/success/degree/ma-education-v3,https://www.uagc.edu/success/degree/ma-education-v5,https://www.uagc.edu/success/degree/ma-education-v6,Education,MA in Education,https://www.uagc.edu/success/degree/ba-sports-recreational-management,Bachelor,Program Specific
Program Specific,Masters,https://www.uagc.edu/success/degree/ma-health-care-administration,https://www.uagc.edu/success/degree/ma-health-care-administration-v2,https://www.uagc.edu/success/degree/ma-health-care-administration-v3,https://www.uagc.edu/success/degree/ma-health-care-administration-v5,https://www.uagc.edu/success/degree/ma-health-care-administration-v6,Health Care,MA in Health Care Administration,https://www.uagc.edu/success/degree/ba-supply-chain-management,Bachelor,Program Specific
Program Specific,Masters,https://www.uagc.edu/success/degree/ma-human-services,https://www.uagc.edu/success/degree/ma-human-services-v2,https://www.uagc.edu/success/degree/ma-human-services-v3,https://www.uagc.edu/success/degree/ma-human-services-v5,https://www.uagc.edu/success/degree/ma-human-services-v6,Social & Behavioral Science,MA in Human Services,https://www.uagc.edu/success/degree/bs-computer-software-technology,Bachelor,Program Specific
Program Specific,Masters,https://www.uagc.edu/success/degree/ma-organizational-management,https://www.uagc.edu/success/degree/ma-organizational-management-v2,https://www.uagc.edu/success/degree/ma-organizational-management-v3,https://www.uagc.edu/success/degree/ma-organizational-management-v5,https://www.uagc.edu/success/degree/ma-organizational-management-v6,Business,MA in Organizational Management,https://www.uagc.edu/success/degree/bs-cyber-data-security-technology,Bachelor,Program Specific
Program Specific,Masters,https://www.uagc.edu/success/degree/ma-psychology,https://www.uagc.edu/success/degree/ma-psychology-v2,https://www.uagc.edu/success/degree/ma-psychology-v3,https://www.uagc.edu/success/degree/ma-psychology-v5,https://www.uagc.edu/success/degree/ma-psychology-v6,Social & Behavioral Science,MA in Psychology,https://www.uagc.edu/success/degree/bs-health-information-management,Bachelor,Program Specific
Program Specific,Masters,https://www.uagc.edu/success/degree/ma-special-education,https://www.uagc.edu/success/degree/ma-special-education-v2,https://www.uagc.edu/success/degree/ma-special-education-v3,https://www.uagc.edu/success/degree/ma-special-education-v5,https://www.uagc.edu/success/degree/ma-special-education-v6,Education,MA in Special Education,https://www.uagc.edu/success/degree/bs-informational-technology,Bachelor,Program Specific
Program Specific,Masters,https://www.uagc.edu/success/degree/master-human-resource-management,https://www.uagc.edu/success/degree/master-human-resource-management-v2,https://www.uagc.edu/success/degree/master-human-resource-management-v3,https://www.uagc.edu/success/degree/master-human-resource-management-v5,https://www.uagc.edu/success/degree/master-human-resource-management-v6,Business,Master of Human Resource Management,https://www.uagc.edu/success/degree/bs-nursing,Bachelor,Program Specific
Program Specific,Masters,https://www.uagc.edu/success/degree/master-informational-sciences-management,https://www.uagc.edu/success/degree/master-informational-sciences-management-v2,https://www.uagc.edu/success/degree/master-informational-sciences-management-v3,https://www.uagc.edu/success/degree/master-informational-sciences-management-v5,https://www.uagc.edu/success/degree/master-informational-sciences-management-v6,Information Technology,Master of Information Systems Management (MISM),https://www.uagc.edu/success/degree/doctorate-education,Doctoral,Program Specific
Program Specific,Masters,https://www.uagc.edu/success/degree/master-of-accountancy,https://www.uagc.edu/success/degree/master-of-accountancy-v2,https://www.uagc.edu/success/degree/master-of-accountancy-v3,https://www.uagc.edu/success/degree/master-of-accountancy-v5,https://www.uagc.edu/success/degree/master-of-accountancy-v6,Business,Master of Accountancy,https://www.uagc.edu/success/degree/doctorate-human-services,Doctoral,Program Specific
Program Specific,Masters,https://www.uagc.edu/success/degree/master-public-health,https://www.uagc.edu/success/degree/master-public-health-v2,https://www.uagc.edu/success/degree/master-public-health-v3,https://www.uagc.edu/success/degree/master-public-health-v5,https://www.uagc.edu/success/degree/master-public-health-v6,Health Care,Master of Public Health (MPH),https://www.uagc.edu/success/degree/doctorate-organizational-development-leadership,Doctoral,Program Specific
Program Specific,Masters,https://www.uagc.edu/success/degree/mba,https://www.uagc.edu/success/degree/mba-v2,https://www.uagc.edu/success/degree/mba-v3,https://www.uagc.edu/success/degree/mba-v5,https://www.uagc.edu/success/degree/mba-v6,Business,Master of Business Administration MBA,https://www.uagc.edu/success/degree/doctorate-psychology,Doctoral,Program Specific
Program Specific,Masters,https://www.uagc.edu/success/degree/ms-criminal-justice,https://www.uagc.edu/success/degree/ms-criminal-justice-v2,https://www.uagc.edu/success/degree/ms-criminal-justice-v3,https://www.uagc.edu/success/degree/ms-criminal-justice-v5,https://www.uagc.edu/success/degree/ms-criminal-justice-v6,Criminal Justice,Master of science in Criminal Justice,https://www.uagc.edu/success/degree/ma-early-childhood-educational-leadership,Masters,Program Specific
Program Specific,Masters,https://www.uagc.edu/success/degree/ms-finance,https://www.uagc.edu/success/degree/ms-finance-v2,https://www.uagc.edu/success/degree/ms-finance-v3,https://www.uagc.edu/success/degree/ms-finance-v5,https://www.uagc.edu/success/degree/ms-finance-v6,Business,MS in Finance,https://www.uagc.edu/success/degree/ma-education,Masters,Program Specific
Program Specific,Masters,https://www.uagc.edu/success/degree/ms-health-information-analytics,https://www.uagc.edu/success/degree/ms-health-information-analytics-v2,https://www.uagc.edu/success/degree/ms-health-information-analytics-v3,https://www.uagc.edu/success/degree/ms-health-information-analytics-v5,https://www.uagc.edu/success/degree/ms-health-information-analytics-v6,Health Care,MS in Health Informatics & Analytics,https://www.uagc.edu/success/degree/ma-health-care-administration,Masters,Program Specific
Program Specific,Masters,https://www.uagc.edu/success/degree/ms-instructional-design-technology,https://www.uagc.edu/success/degree/ms-instructional-design-technology-v2,https://www.uagc.edu/success/degree/ms-instructional-design-technology-v3,https://www.uagc.edu/success/degree/ms-instructional-design-technology-v5,https://www.uagc.edu/success/degree/ms-instructional-design-technology-v6,Education,MS in Instructional Design & Technology,https://www.uagc.edu/success/degree/ma-human-services,Masters,Program Specific
Program Specific,Masters,https://www.uagc.edu/success/degree/ms-technology-management,https://www.uagc.edu/success/degree/ms-technology-management-v2,https://www.uagc.edu/success/degree/ms-technology-management-v3,https://www.uagc.edu/success/degree/ms-technology-management-v5,https://www.uagc.edu/success/degree/ms-technology-management-v6,Information Technology,Master of Information Systems Management (MISM),https://www.uagc.edu/success/degree/ma-organizational-management,Masters,Program Specific
Emphasis,N/A,https://www.uagc.edu/success/emphasis/business-economics,,,https://www.uagc.edu/success/emphasis/business-economics-v5,,,,https://www.uagc.edu/success/degree/ma-psychology,Masters,Program Specific
Emphasis,N/A,https://www.uagc.edu/success/emphasis/english,,,https://www.uagc.edu/success/emphasis/english-v5,,,,https://www.uagc.edu/success/degree/ma-special-education,Masters,Program Specific
Emphasis,N/A,https://www.uagc.edu/success/emphasis/entrepreneurship,,,https://www.uagc.edu/success/emphasis/entrepreneurship-v5,,,,https://www.uagc.edu/success/degree/master-human-resource-management,Masters,Program Specific
Emphasis,N/A,https://www.uagc.edu/success/emphasis/financial-planning,,,https://www.uagc.edu/success/emphasis/financial-planning-v5,,,,https://www.uagc.edu/success/degree/master-informational-sciences-management,Masters,Program Specific
Emphasis,N/A,https://www.uagc.edu/success/emphasis/health-wellness,,,https://www.uagc.edu/success/emphasis/health-wellness-v5,,,,https://www.uagc.edu/success/degree/master-of-accountancy,Masters,Program Specific
Emphasis,N/A,https://www.uagc.edu/success/emphasis/history,,,https://www.uagc.edu/success/emphasis/history-v5,,,,https://www.uagc.edu/success/degree/master-public-health,Masters,Program Specific
Emphasis,N/A,https://www.uagc.edu/success/emphasis/journalism-mass-communication,,,https://www.uagc.edu/success/emphasis/journalism-mass-communication-v5,,,,https://www.uagc.edu/success/degree/mba,Masters,Program Specific
Emphasis,N/A,https://www.uagc.edu/success/emphasis/political-science-government,,,https://www.uagc.edu/success/emphasis/political-science-government-v5,,,,https://www.uagc.edu/success/degree/ms-criminal-justice,Masters,Program Specific
Emphasis,N/A,https://www.uagc.edu/success/emphasis/public-health,,,https://www.uagc.edu/success/emphasis/public-health-v5,,,,https://www.uagc.edu/success/degree/ms-finance,Masters,Program Specific
Emphasis,N/A,https://www.uagc.edu/success/emphasis/real-estate,,,https://www.uagc.edu/success/emphasis/real-estate-v5,,,,https://www.uagc.edu/success/degree/ms-health-information-analytics,Masters,Program Specific
Emphasis,N/A,https://www.uagc.edu/success/emphasis/sports-recreational-management,,,https://www.uagc.edu/success/emphasis/sports-recreational-management-v5,,,,https://www.uagc.edu/success/degree/ms-instructional-design-technology,Masters,Program Specific
Emphasis,N/A,https://www.uagc.edu/success/emphasis/strategic-communication,,,https://www.uagc.edu/success/emphasis/strategic-communication-v5,,,,https://www.uagc.edu/success/degree/ms-technology-management,Masters,Program Specific
Emphasis,N/A,https://www.uagc.edu/success/emphasis/supply-chain-management,,,https://www.uagc.edu/success/emphasis/supply-chain-management-v5,,,,https://www.uagc.edu/success/emphasis/business-economics,N/A,Emphasis
Campaign,N/A,https://www.uagc.edu/success/flexibility,,,https://www.uagc.edu/success/flexibility-v5,,,,https://www.uagc.edu/success/emphasis/english,N/A,Emphasis
Campaign,N/A,https://www.uagc.edu/success/get-ahead,,,https://www.uagc.edu/success/get-ahead-v5,,,,https://www.uagc.edu/success/emphasis/entrepreneurship,N/A,Emphasis
Generic,N/A,https://www.uagc.edu/success/home,,,https://www.uagc.edu/success/home-v5,,,,https://www.uagc.edu/success/emphasis/financial-planning,N/A,Emphasis
Campaign,N/A,https://www.uagc.edu/success/military,,,https://www.uagc.edu/success/military-v5,,,,https://www.uagc.edu/success/emphasis/health-wellness,N/A,Emphasis
Campaign,N/A,https://www.uagc.edu/success/military-general,,,https://www.uagc.edu/success/military-general-v5,,,,https://www.uagc.edu/success/emphasis/history,N/A,Emphasis
Generic,N/A,https://www.uagc.edu/success/military/active-duty,,,https://www.uagc.edu/success/military/active-duty-v5,,,,https://www.uagc.edu/success/emphasis/journalism-mass-communication,N/A,Emphasis
Generic,N/A,https://www.uagc.edu/success/military/spouse-dependents,,,https://www.uagc.edu/success/military/spouse-dependents-v5,,,,https://www.uagc.edu/success/emphasis/political-science-government,N/A,Emphasis
Generic,N/A,https://www.uagc.edu/success/military/veteran,,,https://www.uagc.edu/success/military/veteran-v5,,,,https://www.uagc.edu/success/emphasis/public-health,N/A,Emphasis
Campaign,N/A,https://www.uagc.edu/success/military/veteran-grant,,,https://www.uagc.edu/success/military/veteran-grant-v5,,,,https://www.uagc.edu/success/emphasis/real-estate,N/A,Emphasis
,,,,,https://www.uagc.edu/success/military/air-force-v5,,,,https://www.uagc.edu/success/emphasis/sports-recreational-management,N/A,Emphasis
Campaign,N/A,https://www.uagc.edu/success/new-year,,,,,,,https://www.uagc.edu/success/emphasis/strategic-communication,N/A,Emphasis
Generic,N/A,https://www.uagc.edu/success/online-college-classes,https://www.uagc.edu/success/online-college-classes-v2,,https://www.uagc.edu/success/online-college-classes-v5,,,,https://www.uagc.edu/success/emphasis/supply-chain-management,N/A,Emphasis
Generic,N/A,https://www.uagc.edu/success/online-college-courses,https://www.uagc.edu/success/online-college-courses-v2,,https://www.uagc.edu/success/online-college-courses-v5,,,,https://www.uagc.edu/success/flexibility,N/A,Generic
Generic,N/A,https://www.uagc.edu/success/online-college,https://www.uagc.edu/success/online-college-v2,,https://www.uagc.edu/success/online-college-v5,,,,https://www.uagc.edu/success/get-ahead,N/A,Generic
Generic,N/A,https://www.uagc.edu/success/online-degrees,https://www.uagc.edu/success/online-degrees-v2,,https://www.uagc.edu/success/online-degrees-v5,,,,https://www.uagc.edu/success/home,N/A,Generic
Generic,N/A,https://www.uagc.edu/success/online-schools,https://www.uagc.edu/success/online-schools-v2,,https://www.uagc.edu/success/online-schools-v5,,,,https://www.uagc.edu/success/military,N/A,Generic
Generic,N/A,https://www.uagc.edu/success/online-universities,https://www.uagc.edu/success/online-universities-v2,,https://www.uagc.edu/success/online-universities-v5,,,,https://www.uagc.edu/success/military/active-duty,N/A,Generic
Generic,N/A,https://www.uagc.edu/success/online,https://www.uagc.edu/success/online-v2,,https://www.uagc.edu/success/online-v5,,,,https://www.uagc.edu/success/military/spouse-dependents,N/A,Generic
Field of Study,All Degrees,https://www.uagc.edu/success/programs/accounting-finance,https://www.uagc.edu/success/programs/accounting-finance-v2,https://www.uagc.edu/success/programs/accounting-finance-v3,https://www.uagc.edu/success/programs/accounting-finance-v5,https://www.uagc.edu/success/programs/accounting-finance-v6,,,https://www.uagc.edu/success/military/veteran,N/A,Generic
Field of Study,All Degrees,https://www.uagc.edu/success/programs/accounting,https://www.uagc.edu/success/programs/accounting-v2,https://www.uagc.edu/success/programs/accounting-v3,https://www.uagc.edu/success/programs/accounting-v5,https://www.uagc.edu/success/programs/accounting-v6,,,https://www.uagc.edu/success/military/veteran-grant,N/A,Generic
Field of Study,N/A,https://www.uagc.edu/success/programs/administration,,,https://www.uagc.edu/success/programs/administration-v5,,,,https://www.uagc.edu/success/online,N/A,Generic
Field of Study,All Degrees,https://www.uagc.edu/success/programs/business,https://www.uagc.edu/success/programs/business-v2,https://www.uagc.edu/success/programs/business-v3,https://www.uagc.edu/success/programs/business-v5,https://www.uagc.edu/success/programs/business-v6,,,https://www.uagc.edu/success/online-college,N/A,Generic
Field of Study,All Degrees,https://www.uagc.edu/success/programs/criminal-justice,https://www.uagc.edu/success/programs/criminal-justice-v2,https://www.uagc.edu/success/programs/criminal-justice-v3,https://www.uagc.edu/success/programs/criminal-justice-v5,https://www.uagc.edu/success/programs/criminal-justice-v6,,,https://www.uagc.edu/success/online-college-classes,N/A,Generic
Field of Study,All Degrees,https://www.uagc.edu/success/programs/early-childhood-education,https://www.uagc.edu/success/programs/early-childhood-education-v2,https://www.uagc.edu/success/programs/early-childhood-education-v3,https://www.uagc.edu/success/programs/early-childhood-education-v5,https://www.uagc.edu/success/programs/early-childhood-education-v6,,,https://www.uagc.edu/success/online-college-courses,N/A,Generic
Field of Study,All Degrees,https://www.uagc.edu/success/programs/education,https://www.uagc.edu/success/programs/education-v2,https://www.uagc.edu/success/programs/education-v3,https://www.uagc.edu/success/programs/education-v5,https://www.uagc.edu/success/programs/education-v6,,,https://www.uagc.edu/success/online-degrees,N/A,Generic
Field of Study,All Degrees,https://www.uagc.edu/success/programs/finance,https://www.uagc.edu/success/programs/finance-v2,https://www.uagc.edu/success/programs/finance-v3,https://www.uagc.edu/success/programs/finance-v5,https://www.uagc.edu/success/programs/finance-v6,,,https://www.uagc.edu/success/online-schools,N/A,Generic
Field of Study,All Degrees,https://www.uagc.edu/success/programs/health-care-administration,https://www.uagc.edu/success/programs/health-care-administration-v2,https://www.uagc.edu/success/programs/health-care-administration-v3,https://www.uagc.edu/success/programs/health-care-administration-v5,https://www.uagc.edu/success/programs/health-care-administration-v6,,,https://www.uagc.edu/success/online-universities,N/A,Generic
Field of Study,All Degrees,https://www.uagc.edu/success/programs/health-care,https://www.uagc.edu/success/programs/health-care-v2,https://www.uagc.edu/success/programs/health-care-v3,https://www.uagc.edu/success/programs/health-care-v5,https://www.uagc.edu/success/programs/health-care-v6,,,https://www.uagc.edu/success/programs/accounting,All Degrees,Field of Study
Field of Study,All Degrees,https://www.uagc.edu/success/programs/human-resource-management,https://www.uagc.edu/success/programs/human-resource-management-v2,https://www.uagc.edu/success/programs/human-resource-management-v3,https://www.uagc.edu/success/programs/human-resource-management-v5,https://www.uagc.edu/success/programs/human-resource-management-v6,,,https://www.uagc.edu/success/programs/accounting-finance,All Degrees,Field of Study
Field of Study,All Degrees,https://www.uagc.edu/success/programs/human-services,https://www.uagc.edu/success/programs/human-services-v2,https://www.uagc.edu/success/programs/human-services-v3,https://www.uagc.edu/success/programs/human-services-v5,https://www.uagc.edu/success/programs/human-services-v6,,,https://www.uagc.edu/success/programs/administration,N/A,Field of Study
Field of Study,All Degrees,https://www.uagc.edu/success/programs/information-technology,https://www.uagc.edu/success/programs/information-technology-v2,https://www.uagc.edu/success/programs/information-technology-v3,https://www.uagc.edu/success/programs/information-technology-v5,https://www.uagc.edu/success/programs/information-technology-v6,,,https://www.uagc.edu/success/programs/business,All Degrees,Field of Study
Field of Study,N/A,https://www.uagc.edu/success/programs/leadership,,,https://www.uagc.edu/success/programs/leadership-v5,,,,https://www.uagc.edu/success/programs/child-development,All Degrees,Field of Study
Field of Study,Bachelor,https://www.uagc.edu/success/programs/liberal-arts,https://www.uagc.edu/success/programs/liberal-arts-v2,https://www.uagc.edu/success/programs/liberal-arts-v3,https://www.uagc.edu/success/programs/liberal-arts-v5,https://www.uagc.edu/success/programs/liberal-arts-v6,,,https://www.uagc.edu/success/programs/communications,Bachelor,Field of Study
Field of Study,N/A,https://www.uagc.edu/success/programs/management,,,https://www.uagc.edu/success/programs/management-v5,,,,https://www.uagc.edu/success/programs/criminal-justice,All Degrees,Field of Study
Field of Study,All Degrees,https://www.uagc.edu/success/programs/organizational-management,https://www.uagc.edu/success/programs/organizational-management-v2,https://www.uagc.edu/success/programs/organizational-management-v3,https://www.uagc.edu/success/programs/organizational-management-v5,https://www.uagc.edu/success/programs/organizational-management-v6,,,https://www.uagc.edu/success/programs/early-childhood-education,All Degrees,Field of Study
Field of Study,All Degrees,https://www.uagc.edu/success/programs/psychology,https://www.uagc.edu/success/programs/psychology-v2,https://www.uagc.edu/success/programs/psychology-v3,https://www.uagc.edu/success/programs/psychology-v5,https://www.uagc.edu/success/programs/psychology-v6,,,https://www.uagc.edu/success/programs/education,All Degrees,Field of Study
Field of Study,All Degrees,https://www.uagc.edu/success/programs/social-behavioral-science,https://www.uagc.edu/success/programs/social-behavioral-science-v2,https://www.uagc.edu/success/programs/social-behavioral-science-v3,https://www.uagc.edu/success/programs/social-behavioral-science-v5,https://www.uagc.edu/success/programs/social-behavioral-science-v6,,,https://www.uagc.edu/success/programs/finance,All Degrees,Field of Study
Field of Study,N/A,https://www.uagc.edu/success/programs/technology,,,https://www.uagc.edu/success/programs/technology-v5,,,,https://www.uagc.edu/success/programs/health-care,All Degrees,Field of Study
Campaign,N/A,https://www.uagc.edu/success/quality,,,https://www.uagc.edu/success/quality-v5,,,,https://www.uagc.edu/success/programs/health-care-administration,All Degrees,Field of Study
Generic,N/A,https://www.uagc.edu/success/request-info,https://www.uagc.edu/success/request-info-v2,,,,,,https://www.uagc.edu/success/programs/human-resource-management,All Degrees,Field of Study
Campaign,N/A,https://www.uagc.edu/success/support,,,https://www.uagc.edu/success/support-v5,,,,https://www.uagc.edu/success/programs/human-services,All Degrees,Field of Study
Campaign,N/A,https://www.uagc.edu/success/top-programs,,,,,,,https://www.uagc.edu/success/programs/information-technology,All Degrees,Field of Study
Campaign,N/A,https://www.uagc.edu/success/top-programs-lead,,,,,,,https://www.uagc.edu/success/programs/law-enforcement,All Degrees,Field of Study
Campaign,N/A,https://www.uagc.edu/success/top-programs-reapply,,,,,,,https://www.uagc.edu/success/programs/leadership,N/A,Field of Study
Generic,N/A,https://www.uagc.edu/success/transfer,https://www.uagc.edu/success/transfer-v2,,https://www.uagc.edu/success/transfer-v5,,,,https://www.uagc.edu/success/programs/liberal-arts,Bachelor,Field of Study
Campaign,N/A,https://www.uagc.edu/success/value,,,https://www.uagc.edu/success/value-v5,,,,https://www.uagc.edu/success/programs/management,N/A,Field of Study
Generic,N/A,https://www.uagc.edu/success/why-uagc,,,,,,,https://www.uagc.edu/success/programs/organizational-management,All Degrees,Field of Study
,,,,,,,,,https://www.uagc.edu/success/programs/psychology,All Degrees,Field of Study
,,,,,,,,,https://www.uagc.edu/success/programs/social-behavioral-science,All Degrees,Field of Study
,,,,,,,,,https://www.uagc.edu/success/programs/technology,N/A,Field of Study
,,,,,,,,,https://www.uagc.edu/success/quality,N/A,Generic
,,,,,,,,,https://www.uagc.edu/success/request-info,N/A,Generic
,,,,,,,,,https://www.uagc.edu/success/support,N/A,Generic
,,,,,,,,,https://www.uagc.edu/success/top-programs,N/A,Generic
,,,,,,,,,https://www.uagc.edu/success/top-programs-lead,N/A,Generic
,,,,,,,,,https://www.uagc.edu/success/top-programs-reapply,N/A,Generic
,,,,,,,,,https://www.uagc.edu/success/transfer,N/A,Generic
,,,,,,,,,https://www.uagc.edu/success/value,N/A,Generic
,,,,,,,,,https://www.uagc.edu/success/why-uagc,N/A,Generic